1,Bazar-Korgon,313046,Kyrgyzstan,KG
2,Tianfu,961047,China,CN
3,Pingyao,2196685,China,CN
4,Pecoro,2328875,Indonesia,ID
5,Immātīn,2396088,Palestinian Territory,PS
6,Prince Albert,2253304,South Africa,ZA
7,Atok,447334,Philippines,PH
8,Gospić,1864948,Croatia,HR
9,Nancy,155012,France,FR
10,Vaiusu,2302793,Samoa,WS
11,Xiadong,1057568,China,CN
12,Prengtale,1383035,Indonesia,ID
13,Saint-Ouen,1855024,France,FR
14,Dzhubga,2399203,Russia,RU
15,Joypur Hāt,997507,Bangladesh,BD
16,Kirawsk,343673,Belarus,BY
17,Cholet,777683,France,FR
18,Évry,212870,France,FR
19,Pārūn,2332916,Afghanistan,AF
20,Groningen,1761856,Netherlands,NL
21,Dagang,293138,China,CN
22,Arco de Baúlhe,1661406,Portugal,PT
23,Kakanj,725256,Bosnia and Herzegovina,BA
24,Verkhniy Landekh,2364266,Russia,RU
25,Xiong’erzhai,2074000,China,CN
26,Nancy,2441976,France,FR
27,Charlottenberg,2028311,Sweden,SE
28,Larreynaga,655511,Nicaragua,NI
29,Borek,1077399,Czech Republic,CZ
30,Pengdian,195058,China,CN
31,Siheyuan,1584690,China,CN
32,Ḩarīb,184081,Yemen,YE
33,Hepo,168409,China,CN
34,Lang,1260093,China,CN
35,Santa Rosa,1748881,Brazil,BR
36,Xiaogang,1375080,China,CN
37,Zavety Il’icha,1888355,Russia,RU
38,Poço Verde,2399201,Brazil,BR
39,Xinwu,2464217,China,CN
40,Alejandro Roca,689037,Argentina,AR
41,Jaciara,1365683,Brazil,BR
42,Kashima,1637291,Japan,JP
43,Wonorejo Dua,2416648,Indonesia,ID
44,Boulsa,2485193,Burkina Faso,BF
45,Mętków,2412277,Poland,PL
46,Venezia,1889175,Italy,IT
47,Nunbaundelha,967245,Indonesia,ID
48,Sylhet,2108228,Bangladesh,BD
49,Verkhnyaya Belka,367842,Ukraine,UA
50,Orange,1236634,France,FR
51,Dongla,628522,China,CN
52,Buga,1417587,Colombia,CO
53,Pieksämäki,2463723,Finland,FI
54,Cabouco,1064991,Portugal,PT
55,Béthune,617543,France,FR
56,Hirvensalmi,1507734,Finland,FI
57,Sasebo,1273365,Japan,JP
58,Baião,292689,Portugal,PT
59,Xiaomei,1998690,China,CN
60,Baranusa,2342551,Indonesia,ID
61,Santa Cruz,696291,United States,US
62,Žamberk,2277101,Czech Republic,CZ
63,Stockholm,2524014,Sweden,SE
64,Choushui,523836,China,CN
65,Sap Yai,1935678,Thailand,TH
66,Changhe,477521,China,CN
67,Sulūk,1621729,Syria,SY
68,San Juan de los Morros,1815515,Venezuela,VE
69,Mangarine,1936963,Philippines,PH
70,Gimry,2476705,Russia,RU
71,Maunggora,707790,Indonesia,ID
72,Baishi,1413722,China,CN
73,Thị Trấn Ngan Dừa,262232,Vietnam,VN
74,Villa Castelli,977568,Argentina,AR
75,Almelo,1974463,Netherlands,NL
76,Khafizan,1023212,Afghanistan,AF
77,Blangkejeren,1229880,Indonesia,ID
78,Nglengkir,1818850,Indonesia,ID
79,Invermere,434779,Canada,CA
80,San Marcelino,1564022,Philippines,PH
81,Kansas City,2367676,United States,US
82,Gyodong,1161449,South Korea,KR
83,Permas,2312714,Indonesia,ID
84,Xiangjia,1525717,China,CN
85,Maji,310998,China,CN
86,Batelov,1635185,Czech Republic,CZ
87,Anjani Barat,1025796,Indonesia,ID
88,Shchelkovo,871269,Russia,RU
89,Vigo,670038,Spain,ES
90,Harding,2553981,South Africa,ZA
91,Pompéia,1408652,Brazil,BR
92,Sanmiaoqian,1296178,China,CN
93,Mosina,1321609,Poland,PL
94,Gołkowice,1134515,Poland,PL
95,Jasionów,2539117,Poland,PL
96,Rawang,771034,Malaysia,MY
97,Rogóźno,2024073,Poland,PL
98,Yangxunqiao,1747338,China,CN
99,Huangbizhuang,578732,China,CN
100,Tala,452090,Uruguay,UY
101,Smołdzino,1208411,Poland,PL
102,Topolná,1444251,Czech Republic,CZ
103,Nart,1468202,Mongolia,MN
104,Sugito,1240174,Japan,JP
105,Tucson,1856800,United States,US
106,Arjasari,427209,Indonesia,ID
107,Maubara,1822520,East Timor,TL
108,Loufan,786526,China,CN
109,Rubirizi,1147897,Uganda,UG
110,Mošorin,1079425,Serbia,RS
111,Ikeja,1085856,Nigeria,NG
112,Fubin,1450034,China,CN
113,El Mirador,1362687,Mexico,MX
114,Głogów Małopolski,454391,Poland,PL
115,Gurinai,1867692,China,CN
116,Sukamenak,915381,Indonesia,ID
117,Balibagan Oeste,1767843,Philippines,PH
118,Mikhaylovsk,1968866,Russia,RU
119,Teresópolis,1729465,Brazil,BR
120,Uji,932015,Japan,JP
121,Manzini,947249,Swaziland,SZ
122,Citundun,198859,Indonesia,ID
123,Nesebar,1223140,Bulgaria,BG
124,Dengzhuang,929424,China,CN
125,Uppsala,1773536,Sweden,SE
126,Mekarsari,798451,Indonesia,ID
127,Ciulu,374789,Indonesia,ID
128,Tlučná,845593,Czech Republic,CZ
129,Begowāla,880117,Pakistan,PK
130,Āl Ma‘ūdah,2476944,Yemen,YE
131,Bagdadi,516156,Georgia,GE
132,Kipen’,1230788,Russia,RU
133,Tengah,2161143,Indonesia,ID
134,Khantaghy,704327,Kazakhstan,KZ
135,Huangli,267751,China,CN
136,San Miguelito,343414,Panama,PA
137,Bintulu,373919,Malaysia,MY
138,Morelos,2346662,Mexico,MX
139,Serdobsk,992906,Russia,RU
140,Granja do Tedo,488218,Portugal,PT
141,Changning,2101605,China,CN
142,Kota Bharu,2118101,Malaysia,MY
143,Opočno,2517655,Czech Republic,CZ
144,Susapaya,293628,Peru,PE
145,Gamping Lor,495689,Indonesia,ID
146,Neuville,2152988,Canada,CA
147,Lepanto,2338705,Philippines,PH
148,Marale,766911,Honduras,HN
149,La Peña,1314127,Panama,PA
150,Tiébo,1742556,Senegal,SN
151,Chiantla,2530698,Guatemala,GT
152,Stockholm,2409544,Sweden,SE
153,Yuncao,1063099,China,CN
154,Guanzhuang,1343707,China,CN
155,Burgau,912499,Portugal,PT
156,San Ricardo,1382498,Philippines,PH
157,Västerås,808450,Sweden,SE
158,Rixi,2083605,China,CN
159,Aveiras de Cima,1480867,Portugal,PT
160,Velenje,1112544,Slovenia,SI
161,Abricots,1373632,Haiti,HT
162,Linëvo,2058622,Russia,RU
163,Sōka,1319347,Japan,JP
164,Hrib-Loški Potok,1748257,Slovenia,SI
165,Bacolod,1439668,Philippines,PH
166,Zuobude,583731,China,CN
167,Klyuchi,329647,Russia,RU
168,Pau,1046533,France,FR
169,Tawangsari,1384607,Indonesia,ID
170,Nova Era,271955,Brazil,BR
171,La Unión,2143145,El Salvador,SV
172,Unisław,1792937,Poland,PL
173,Hūn,773941,Libya,LY
174,Yinhe,2062109,China,CN
175,Xuri,667078,China,CN
176,Yanjiang,2249861,China,CN
177,Vänersborg,767100,Sweden,SE
178,Bibinje,1973387,Croatia,HR
179,Lemahputih,1269610,Indonesia,ID
180,Lawdar,2352514,Yemen,YE
181,Mosteirô,1545274,Portugal,PT
182,Nakhon Sawan,373034,Thailand,TH
183,Pubal,214686,South Korea,KR
184,Néa Palátia,1210598,Greece,GR
185,Mwene-Ditu,2034655,Democratic Republic of the Congo,CD
186,Shalqīya,743634,Kazakhstan,KZ
187,Tebingtinggi,150102,Indonesia,ID
188,Chiduo,2403696,China,CN
189,Ksour Essaf,1624212,Tunisia,TN
190,Aurora,1457264,Philippines,PH
191,Antananarivo,1858046,Madagascar,MG
192,Phù Mỹ,2301603,Vietnam,VN
193,Bom Conselho,1250616,Brazil,BR
194,Rancamaya,1286217,Indonesia,ID
195,Proletar,1026202,Tajikistan,TJ
196,Kiambu,2162252,Kenya,KE
197,Kosiv,287207,Ukraine,UA
198,Payao,974815,Philippines,PH
199,Pickering,2227925,Canada,CA
200,Castro Barros,403106,Argentina,AR
201,Nizhnyaya Maktama,632524,Russia,RU
202,Xilópolis,321497,Greece,GR
203,Qingshui,310521,China,CN
204,Yong’an,2167677,China,CN
205,Sananrejo,259777,Indonesia,ID
206,Travesía,633319,Honduras,HN
207,Cipinang,2100999,Indonesia,ID
208,Karma,1265564,Belarus,BY
209,Buqei‘a,1950230,Israel,IL
210,Lancar,1307558,Indonesia,ID
211,Nyandoma,1575380,Russia,RU
212,Arcos,1728995,Portugal,PT
213,Digkilaan,2327572,Philippines,PH
214,Sayyān,2491305,Yemen,YE
215,Bobrovka,2155886,Russia,RU
216,Fort Pierce,2486933,United States,US
217,Igbaras,1777107,Philippines,PH
218,Kaniów,1366214,Poland,PL
219,Staraya Derevnya,973740,Russia,RU
220,Bei,659565,Indonesia,ID
221,Apucarana,2379770,Brazil,BR
222,Rosario,2542948,Philippines,PH
223,Siepraw,1418055,Poland,PL
224,Tarsouat,2451002,Morocco,MA
225,Duanshen,1135178,China,CN
226,Neftegorsk,1168708,Russia,RU
227,Fuming,614430,China,CN
228,Yeysk,1389306,Russia,RU
229,Chenggang,1580420,China,CN
230,Aubervilliers,1571986,France,FR
231,Särevere,1417498,Estonia,EE
232,Gayam,1322961,Indonesia,ID
233,Tyler,924393,United States,US
234,Canaman,1283785,Philippines,PH
235,Aldeia da Mata,448236,Portugal,PT
236,Harstad,1966942,Norway,NO
237,Taywanak Ilaya,2527840,Philippines,PH
238,Sincé,1889142,Colombia,CO
239,Laszki,1715292,Poland,PL
240,Luodian,662847,China,CN
241,Irecê,2144282,Brazil,BR
242,Wanbu,1732477,China,CN
243,Lianyi,1431948,China,CN
244,Patquía,2154532,Argentina,AR
245,Storozhnytsya,2468178,Ukraine,UA
246,Glendale,1098525,United States,US
247,Wenquan,2073337,China,CN
248,Musan-ŭp,744213,North Korea,KP
249,Kukës,673412,Albania,AL
250,Shencang,1800453,China,CN
251,Söderhamn,2557653,Sweden,SE
252,Chugay,1391785,Peru,PE
253,Menglie,1124261,China,CN
254,Manūjān,195981,Iran,IR
255,Dainan,1605530,China,CN
256,Shwebo,709221,Myanmar,MM
257,Los Dos Caminos,205603,Venezuela,VE
258,Brněnec,1420389,Czech Republic,CZ
259,Xumu,1218484,China,CN
260,Balīlā,1019338,Jordan,JO
261,Stockholm,887351,Sweden,SE
262,Šenčur,486545,Slovenia,SI
263,Lenningen,2543021,Luxembourg,LU
264,Židlochovice,1947208,Czech Republic,CZ
265,Sabunçu,1187295,Azerbaijan,AZ
266,Lekaj,1911897,Albania,AL
267,Abuko,2503087,Gambia,GM
268,Drakhtik,281783,Armenia,AM
269,Saint-Étienne,240974,France,FR
270,London,1386510,United Kingdom,GB
271,San Francisco,1147384,Philippines,PH
272,Sigayevo,1830456,Russia,RU
273,Ganjiangtou,205166,China,CN
274,Yarumela,1422732,Honduras,HN
275,Jindui,2179250,China,CN
276,Conduaga,455314,Philippines,PH
277,Sipocot,272459,Philippines,PH
278,Kuiyong,578486,China,CN
279,Kapitanivka,113496,Ukraine,UA
280,Bangluo,1475520,China,CN
281,Dinghuo,1283678,China,CN
282,Banaybanay,1170690,Philippines,PH
283,Clarence-Rockland,2103308,Canada,CA
284,Fais,2183687,Micronesia,FM
285,Titao,1089384,Burkina Faso,BF
286,Bang Bo District,555420,Thailand,TH
287,Ridder,1484043,Kazakhstan,KZ
288,Lagyná,827957,Greece,GR
289,Lyasny,1889276,Belarus,BY
290,Independencia,1727850,Mexico,MX
291,Xarag,1617041,China,CN
292,Laowobao,228056,China,CN
293,Vorontsovka,2124656,Russia,RU
294,Carregado,1026000,Portugal,PT
295,Almafuerte,1714178,Argentina,AR
296,Nancy,701578,France,FR
297,Cut-cut Primero,1687278,Philippines,PH
298,Paraiso,452812,Philippines,PH
299,Červené Pečky,770140,Czech Republic,CZ
300,Hanting,1020275,China,CN
301,Nartkala,1035784,Russia,RU
302,Baiima,1612406,Sierra Leone,SL
303,Saltsjö-Boo,2239952,Sweden,SE
304,Alor Setar,1598393,Malaysia,MY
305,Ijebu-Ife,642783,Nigeria,NG
306,Thị Trấn Mường Lát,2164026,Vietnam,VN
307,Grojec,2314892,Poland,PL
308,Bangil,342866,Indonesia,ID
309,Jönköping,2443604,Sweden,SE
310,Vila Velha,835982,Brazil,BR
311,Conchopata,1094249,Peru,PE
312,Cerro Punta,1810608,Panama,PA
313,Nice,2217635,France,FR
314,Temenggungan,2030813,Indonesia,ID
315,Barili,735047,Philippines,PH
316,Banjar Tiga,1234255,Indonesia,ID
317,Pasiripis,1727609,Indonesia,ID
318,Khandagayty,1192558,Russia,RU
319,Jiangwei,2012803,China,CN
320,Taosha,659940,China,CN
321,Jungutbatu Kaja Dua,1107702,Indonesia,ID
322,Birmingham,258790,United Kingdom,GB
323,Troyes,2282942,France,FR
324,Dehui,1930561,China,CN
325,Kragan,2335415,Indonesia,ID
326,Khóra,2471558,Greece,GR
327,Suḩayl Shibām,1219135,Yemen,YE
328,Tromsø,1858220,Norway,NO
329,Kolape,556111,Philippines,PH
330,Seto,439732,Japan,JP
331,Nikol’skoye,386817,Russia,RU
332,Aizi,2327774,China,CN
333,Vredenburg,1111326,South Africa,ZA
334,Sioux Falls,2562544,United States,US
335,Chicago,492891,United States,US
336,Lai Cách,280958,Vietnam,VN
337,Emiliano Zapata,357651,Mexico,MX
338,Shipka,783748,Bulgaria,BG
339,Panite,1693748,Indonesia,ID
340,Panshan,1527402,China,CN
341,Ipís,2266411,Costa Rica,CR
342,Wangba,2224685,China,CN
343,Keroka,1383594,Kenya,KE
344,Saparbay,1507085,China,CN
345,Nantuo,1578358,China,CN
346,Ketitang Wetan,780015,Indonesia,ID
347,Quintong,2211580,Philippines,PH
348,Los Angeles,1326218,Mexico,MX
349,Le Mans,2270094,France,FR
350,Nanxing,1064067,China,CN
351,Limit,771205,Jamaica,JM
352,Carvalheira,1280240,Portugal,PT
353,‘Awaj,1948265,Syria,SY
354,Cuihuangkou,768520,China,CN
355,Babagan,966339,Indonesia,ID
356,São Mateus,154944,Brazil,BR
357,Amor,2305776,Portugal,PT
358,Al Mazār,477627,Jordan,JO
359,Waihai,2343213,China,CN
360,Pakenjeng,2486410,Indonesia,ID
361,Dmitrov,577458,Russia,RU
362,Lanxi,1235453,China,CN
363,Meishan,2429300,China,CN
364,Portland,1400921,United States,US
365,Prómachoi,1826271,Greece,GR
366,Mastaiciai,592796,Lithuania,LT
367,Mancos,1558735,Peru,PE
368,Gorgān,1842954,Iran,IR
369,Cibeunying,2009549,Indonesia,ID
370,Siumate,1105903,Indonesia,ID
371,Huanuni,1977458,Bolivia,BO
372,Frankfort,2229811,South Africa,ZA
373,København,421917,Denmark,DK
374,Jucás,1305951,Brazil,BR
375,Lensk,2530025,Russia,RU
376,Yezhu,1523012,China,CN
377,Benito Juarez,1802409,Mexico,MX
378,Prado,453007,Portugal,PT
379,La Curva,1892060,Peru,PE
380,Lewopao,2406537,Indonesia,ID
381,Annacotty,1107274,Ireland,IE
382,Shuiyang,2018289,China,CN
383,Bennäs,1044479,Finland,FI
384,Zhangjia,158253,China,CN
385,Tramandaí,661774,Brazil,BR
386,Sanguinheira,189848,Portugal,PT
387,Viga,1869159,Philippines,PH
388,Haoxue,1602546,China,CN
389,Panganiban,1112863,Philippines,PH
390,Bagumbayan,1046002,Philippines,PH
391,Lens,403331,France,FR
392,Karanglo,1796753,Indonesia,ID
393,Vuhlehirs’k,149588,Ukraine,UA
394,Skoki,922828,Poland,PL
395,Yangying,2374756,China,CN
396,Ticaco,2271952,Peru,PE
397,Baclayon,109210,Philippines,PH
398,Cortinhas,2473318,Portugal,PT
399,Al Fukhkhārī,217882,Palestinian Territory,PS
400,Dimovo,1250506,Bulgaria,BG
401,Mbandjok,1962324,Cameroon,CM
402,Baitouli,1806960,China,CN
403,San Jerónimo,636543,Honduras,HN
404,Jaworze,421602,Poland,PL
405,Des Moines,839990,United States,US
406,Svecha,1862016,Russia,RU
407,Guamal,748838,Colombia,CO
408,Balboa,461943,Colombia,CO
409,Nizao,2457869,Dominican Republic,DO
410,Saint-Laurent-du-Var,1366277,France,FR
411,Landvetter,2049636,Sweden,SE
412,Lere,543898,Nigeria,NG
413,Lasehao,1538051,Indonesia,ID
414,Doom,1930218,Indonesia,ID
415,Mazhonghe,2352997,China,CN
416,Bāniyās,2362969,Syria,SY
417,Pajak,956926,Indonesia,ID
418,Lue Amnat,2362235,Thailand,TH
419,Boucherville,967662,Canada,CA
420,Uchiza,1287067,Peru,PE
421,Abuja,1267134,Nigeria,NG
422,La Montañita,2291593,Colombia,CO
423,Otra Banda,2278886,Dominican Republic,DO
424,Tejar,1569234,Costa Rica,CR
425,Karangtengah Lor,1377549,Indonesia,ID
426,San Eugenio,1762061,Philippines,PH
427,Alapayevsk,2147856,Russia,RU
428,Linquan,2479918,China,CN
429,Maguyam,2033206,Philippines,PH
430,Všeruby,148014,Czech Republic,CZ
431,Barranquilla,625091,Colombia,CO
432,Đắk Mâm,1185556,Vietnam,VN
433,Tanjung Timur,2234694,Indonesia,ID
434,Ndofane,583438,Senegal,SN
435,Cayang,1791009,Philippines,PH
436,Tourcoing,1853332,France,FR
437,Sukaraja,970469,Indonesia,ID
438,Camocim,1616758,Brazil,BR
439,Sukorejo,480605,Indonesia,ID
440,Arganil,1840865,Portugal,PT
441,Tena,1050198,Ecuador,EC
442,Alejo Ledesma,1752007,Argentina,AR
443,Jaruco,1856923,Cuba,CU
444,Marseille,1885018,France,FR
445,Otofuke,1677395,Japan,JP
446,Ķegums,2202959,Latvia,LV
447,Kista,1484623,Sweden,SE
448,Barranqueras,1690387,Argentina,AR
449,Pehuajó,809677,Argentina,AR
450,Nu’erbage,593675,China,CN
451,Ban Lŭng,875256,Cambodia,KH
452,Podhum,1844185,Croatia,HR
453,Shypyntsi,2332883,Ukraine,UA
454,Pirapora do Bom Jesus,1496263,Brazil,BR
455,Qiucun,1918874,China,CN
456,Canutama,866735,Brazil,BR
457,Mikhaylovka,1887933,Russia,RU
458,Samagaltay,1036980,Russia,RU
459,Holoriang,706743,Indonesia,ID
460,Gaowu,1491280,China,CN
461,Teno,1855285,Chile,CL
462,Querecotillo,1121259,Peru,PE
463,Capatárida,1164545,Venezuela,VE
464,Ramain,410128,Philippines,PH
465,Standerton,1644787,South Africa,ZA
466,Hejia,223417,China,CN
467,Hlyboka,1565692,Ukraine,UA
468,Kimaam,1071649,Indonesia,ID
469,San Jorge,1574777,Argentina,AR
470,El Zapotal del Norte,181034,Honduras,HN
471,Ostrzeszów,2159311,Poland,PL
472,København,2237979,Denmark,DK
473,Budapest,446951,Hungary,HU
474,Dongxin,1294292,China,CN
475,Alma,1302339,Canada,CA
476,København,1704748,Denmark,DK
477,Manacapuru,2228397,Brazil,BR
478,Bacun,1548199,China,CN
479,Kävlinge,1370548,Sweden,SE
480,Inozemtsevo,683864,Russia,RU
481,Gorna Oryakhovitsa,1055973,Bulgaria,BG
482,Sanfang,1757691,China,CN
483,Krajan Alastengah,1550437,Indonesia,ID
484,Komyshnya,1867919,Ukraine,UA
485,Alca,1502655,Peru,PE
486,Montpellier,1535168,France,FR
487,Qingxi,264378,China,CN
488,Sylhet,1903896,Bangladesh,BD
489,Zhangdu,290449,China,CN
490,Muan,2374652,South Korea,KR
491,Jalatrang,163030,Indonesia,ID
492,Medvedevo,1825708,Russia,RU
493,Salamá,1924780,Honduras,HN
494,Puricay,2065424,Philippines,PH
495,Kebloran,2119650,Indonesia,ID
496,Santa Rita,353336,Philippines,PH
497,Huangmao,473379,China,CN
498,Dalamdesa Kalapadua,249917,Indonesia,ID
499,Lindavista,983815,Mexico,MX
500,Zgornje Gorje,1527605,Slovenia,SI
501,Xiehu,1599427,China,CN
502,Newmarket,395346,Canada,CA
503,Retorta,773751,Portugal,PT
504,Nong Saeng,1718094,Thailand,TH
505,Cochrane,172226,Chile,CL
506,Mueang Suang,2159307,Thailand,TH
507,Pidhaytsi,1877210,Ukraine,UA
508,Yenagoa,769336,Nigeria,NG
509,Ndom,1250317,Cameroon,CM
510,Luleå,1154869,Sweden,SE
511,Kāshmar,945047,Iran,IR
512,San Rafael,1484627,Philippines,PH
513,Blachownia,1971512,Poland,PL
514,Little Rock,373932,United States,US
515,Garibaldi,1875403,Brazil,BR
516,Kataba,962915,Zambia,ZM
517,Fushëkuqe,2269348,Albania,AL
518,Datian,642898,China,CN
519,Agía Varvára,223377,Greece,GR
520,Kotsyubyns’ke,1102280,Ukraine,UA
521,Nahrīn,655056,Afghanistan,AF
522,Poitiers,639344,France,FR
523,Riyom,2460756,Nigeria,NG
524,Dao’er,729526,China,CN
525,Yanchi,1243556,China,CN
526,Chor,547196,Pakistan,PK
527,Baranowo,2433887,Poland,PL
528,Montecristi,421624,Ecuador,EC
529,Ganyan,497816,China,CN
530,Sanyang,1921689,China,CN
531,Yi’an,2396661,China,CN
532,Malin,1390509,China,CN
533,Radocza,1136143,Poland,PL
534,Canggetelo,1889936,Indonesia,ID
535,Cabimas,531593,Venezuela,VE
536,Balzers,1449468,Liechtenstein,LI
537,Kulary,1713861,Russia,RU
538,Sumberrejo,659239,Indonesia,ID
539,Chetian,1938476,China,CN
540,Pleasant Point,2273919,New Zealand,NZ
541,Banjar Sengguan,1882741,Indonesia,ID
542,Telmin Suma,2363492,Mongolia,MN
543,Iperu,1904630,Nigeria,NG
544,Sibaté,1082932,Colombia,CO
545,Xinheng,367470,China,CN
546,Dār an Naşr,204121,Yemen,YE
547,Hrodna,1585854,Belarus,BY
548,Lyon,254445,France,FR
549,Lianhe,1082552,China,CN
550,Tubigan,900326,Philippines,PH
551,Wengtian,1719038,China,CN
552,Wonokromo,1276921,Indonesia,ID
553,Rennes,1402433,France,FR
554,Brooklyn,309277,New Zealand,NZ
555,Labuhansumbawa,1928250,Indonesia,ID
556,Magway,895941,Myanmar,MM
557,Rumāh,1377136,Yemen,YE
558,Wellington,579617,New Zealand,NZ
559,Lubao,746162,Democratic Republic of the Congo,CD
560,Sindang,1153941,Indonesia,ID
561,Burrel,1177665,Albania,AL
562,Bajiazi,1190521,China,CN
563,Laguilayan,227019,Philippines,PH
564,Yukuhashi,1199887,Japan,JP
565,Chikeng,2441319,China,CN
566,Xinjiezi,2230256,China,CN
567,Şafwá,119893,Saudi Arabia,SA
568,Ondoy,1588220,Philippines,PH
569,Medicine Hat,2318437,Canada,CA
570,Savannakhét,854777,Laos,LA
571,Konice,191290,Czech Republic,CZ
572,Dalai,912206,China,CN
573,La Rochelle,1286922,France,FR
574,Xilanqi,1365568,China,CN
575,Sironko,1233798,Uganda,UG
576,Shangcun,1776640,China,CN
577,Smečno,2525810,Czech Republic,CZ
578,Kanye,512309,Botswana,BW
579,Santa Justina,1322766,Philippines,PH
580,Hwado,1481961,South Korea,KR
581,Heung-hai,1976704,South Korea,KR
582,Zhonghe,1325359,China,CN
583,Seke,1260798,China,CN
584,La Palma,650089,Panama,PA
585,Ortiga,1904924,Portugal,PT
586,Kuala Belait,642972,Brunei,BN
587,Qianjiang,1387383,China,CN
588,Arjona,692747,Colombia,CO
589,Huangchuan,2241428,China,CN
590,Kisesa,159061,Tanzania,TZ
591,Shadili,732458,China,CN
592,Nova Viçosa,1952616,Brazil,BR
593,Gerakaroú,1356165,Greece,GR
594,Verkhniye Achaluki,1573663,Russia,RU
595,Camanducaia,189359,Brazil,BR
596,Cikajang,1619928,Indonesia,ID
597,Kumberg,1827347,Austria,AT
598,Purworejo,333432,Indonesia,ID
599,Zevgolateió,1842174,Greece,GR
600,Kemuning,1703529,Indonesia,ID
601,Xibali,1132614,China,CN
602,Gubeikou,907240,China,CN
603,Cilongkrangpusaka,1856908,Indonesia,ID
604,Bum Bum,2255803,Venezuela,VE
605,Sunan,223247,North Korea,KP
606,Linda Vista,2060094,Mexico,MX
607,Manzil Bū Zalafah,413422,Tunisia,TN
608,Kalapadua,304183,Indonesia,ID
609,Cihaur,2535692,Indonesia,ID
610,Cisaro,1908080,Indonesia,ID
611,Cafarnaum,943701,Brazil,BR
612,Zhongxiao,2515235,China,CN
613,Bibinje,1929188,Croatia,HR
614,Troitsk,1158892,Russia,RU
615,Skinnskatteberg,2035490,Sweden,SE
616,Zhentou,2107163,China,CN
617,Rawasan,2452908,Indonesia,ID
618,Alurbulu,1688800,Indonesia,ID
619,Lais,1690233,Philippines,PH
620,Jarigue,432906,Philippines,PH
621,San Antonio,1959673,Mexico,MX
622,San Patricio,1451188,Paraguay,PY
623,Dún Laoghaire,1053578,Ireland,IE
624,Watunggong,1967235,Indonesia,ID
625,Qinghua,354131,China,CN
626,Jiannan,279085,China,CN
627,Bandar-e Torkaman,2179062,Iran,IR
628,La Maná,2069807,Ecuador,EC
629,Elx/Elche,616269,Spain,ES
630,Porto-Novo,2356078,Benin,BJ
631,Samho-rodongjagu,1781291,North Korea,KP
632,Moreira de Geraz do Lima,1476481,Portugal,PT
633,Örnsköldsvik,1421262,Sweden,SE
634,Kisanga,2408393,Tanzania,TZ
635,Tubli,1616261,Philippines,PH
636,Rudnya,532480,Russia,RU
637,Irving,465426,United States,US
638,Yuanjiazhuang,981756,China,CN
639,Pandan,1060052,Philippines,PH
640,Bzenec,738226,Czech Republic,CZ
641,Jieshi,774195,China,CN
642,Verkh-Usugli,885514,Russia,RU
643,Changchun,1446485,China,CN
644,Bechyně,704339,Czech Republic,CZ
645,San Miguel del Padrón,2311952,Cuba,CU
646,Kudang,906103,Indonesia,ID
647,Puhechang,697723,China,CN
648,Uba,835762,Nigeria,NG
649,Ghurayd Gharamē,2150401,Afghanistan,AF
650,Rukaj,686347,Albania,AL
651,Budapest,1622880,Hungary,HU
652,Caucete,1823734,Argentina,AR
653,Rezé,1838898,France,FR
654,Cergy-Pontoise,2499598,France,FR
655,Guadalupe,2200764,Costa Rica,CR
656,Täby,2498159,Sweden,SE
657,Iłowo -Osada,1484979,Poland,PL
658,Oenopu,1542933,Indonesia,ID
659,Stockholm,2520805,Sweden,SE
660,Terbangan,122821,Indonesia,ID
661,Río Segundo,644835,Argentina,AR
662,Mladá Boleslav,483462,Czech Republic,CZ
663,Dasanlian Lauk,1882097,Indonesia,ID
664,Ambat,2308707,Indonesia,ID
665,Stara Kiszewa,2475082,Poland,PL
666,Petrópolis,582060,Brazil,BR
667,Pictou,2301577,Canada,CA
668,Kristinestad,1096672,Finland,FI
669,Delong,794630,China,CN
670,Dulangan,1538310,Philippines,PH
671,Gīvī,1443505,Iran,IR
672,Sukasari,1908245,Indonesia,ID
673,Flen,1699446,Sweden,SE
674,Quyangqiao,2142902,China,CN
675,Hashaat,1437224,Mongolia,MN
676,Nālūt,1309898,Libya,LY
677,Toulon,139342,France,FR
678,Jangheung,2230893,South Korea,KR
679,Banjar Kampungbugis,1383297,Indonesia,ID
680,Vybor,1261929,Russia,RU
681,Datangzhuang,1802232,China,CN
682,Samran,1744255,Thailand,TH
683,Haozhai,1559584,China,CN
684,Micheng,1737447,China,CN
685,Anār,1735626,Iran,IR
686,Cimuncang,2053492,Indonesia,ID
687,Kryvichy,1735005,Belarus,BY
688,Torre,1878055,Portugal,PT
689,Pansoy,2399172,Philippines,PH
690,Njurunda,1005151,Sweden,SE
691,Mbandaka,236512,Democratic Republic of the Congo,CD
692,Lianghekou,541005,China,CN
693,Azteca,1501428,Mexico,MX
694,Uherské Hradiště,788588,Czech Republic,CZ
695,Sabanalarga,890461,Colombia,CO
696,Vohibinany,1498190,Madagascar,MG
697,Niafunké,2347956,Mali,ML
698,Bonn,191579,Germany,DE
699,Saint-Augustin,827713,Canada,CA
700,Puyang,262407,China,CN
701,Babakandesa,2015518,Indonesia,ID
702,Tucson,1119784,United States,US
703,Beloha,1071682,Madagascar,MG
704,Lengshuijing,412336,China,CN
705,Kayakent,575395,Russia,RU
706,Yaogou,2063516,China,CN
707,Yushan,2008941,China,CN
708,Pulau Pinang,2302656,Malaysia,MY
709,Lancang,277361,Indonesia,ID
710,Cemplang,2045881,Indonesia,ID
711,Ortiga,1215734,Portugal,PT
712,Charleston,2340410,United States,US
713,Halong,881056,Indonesia,ID
714,Valvedditturai,1140629,Sri Lanka,LK
715,Vřesina,1798100,Czech Republic,CZ
716,Parachinar,1866834,Pakistan,PK
717,Henglian,737151,China,CN
718,Idritsa,1260657,Russia,RU
719,Maojiadian,626116,China,CN
720,Krasnofarfornyy,825537,Russia,RU
721,Kakamega,1084366,Kenya,KE
722,Guojiazhuang,2199774,China,CN
723,Sebeta,950295,Ethiopia,ET
724,Xinzhuang,761150,China,CN
725,Fuli,1531222,China,CN
726,Arbuzynka,2228397,Ukraine,UA
727,Zangkaxa,508182,China,CN
728,Nanyang,2554840,China,CN
729,Rio Claro,312059,Trinidad and Tobago,TT
730,Victoria,840003,Canada,CA
731,Straszydle,834637,Poland,PL
732,Druya,2555137,Belarus,BY
733,Huallanca,309875,Peru,PE
734,Domsjö,1756606,Sweden,SE
735,Zhoujia,424897,China,CN
736,Grabów nad Prosną,399289,Poland,PL
737,‘Arab ar Rashāydah,1605967,Palestinian Territory,PS
738,Chaiyo,678137,Thailand,TH
739,Ribeirão Preto,1894594,Brazil,BR
740,Kavieng,1031064,Papua New Guinea,PG
741,Sabang,878738,Philippines,PH
742,Banjar Dukuh,578863,Indonesia,ID
743,Songbo,772566,China,CN
744,Monte Francisco,865824,Portugal,PT
745,Bastia,700173,France,FR
746,Thị Trấn Yên Thịnh,1780909,Vietnam,VN
747,Yunshan,519564,China,CN
748,Kaloyanovo,1187349,Bulgaria,BG
749,Paicol,2322028,Colombia,CO
750,Devesa,291743,Portugal,PT
751,Camasca,2271221,Honduras,HN
752,Barcelona,1088460,Philippines,PH
753,Ribeira Seca,2444466,Portugal,PT
754,Campoalegre,1288712,Colombia,CO
755,Mojoagung,146332,Indonesia,ID
756,Massy,1609565,France,FR
757,Bassar,219373,Togo,TG
758,Honoria,950267,Peru,PE
759,Camatindi,2030751,Bolivia,BO
760,Ayacucho,2240401,Peru,PE
761,Nesovice,261282,Czech Republic,CZ
762,Kurungannyawa,846493,Indonesia,ID
763,Alejandro Roca,519699,Argentina,AR
764,Encantado,1891099,Brazil,BR
765,Lidoríki,1647207,Greece,GR
766,Sarnaki,2236736,Poland,PL
767,Apodi,1856486,Brazil,BR
768,Abashiri,1716122,Japan,JP
769,Dahao,1068423,China,CN
770,Malabag,454379,Philippines,PH
771,Bystřice nad Pernštejnem,2353283,Czech Republic,CZ
772,Kaczory,972329,Poland,PL
773,Huzhuang,287150,China,CN
774,Bela-Bela,2448364,South Africa,ZA
775,Jalinan,2528327,Indonesia,ID
776,Quintães,1831194,Portugal,PT
777,Yanhe,900406,China,CN
778,Larvik,1729707,Norway,NO
779,Texíguat,2500204,Honduras,HN
780,Shimen,2121375,China,CN
781,Balung Barat,1286950,Indonesia,ID
782,Machakos,1877851,Kenya,KE
783,Huolongping,1733190,China,CN
784,Ōsaka-shi,2248400,Japan,JP
785,Urzuf,1880134,Ukraine,UA
786,Chipoka,272100,Malawi,MW
787,Bojnik,223185,Serbia,RS
788,Siqian,974847,China,CN
789,Sungai Iyu,645400,Indonesia,ID
790,Zürich,750739,Switzerland,CH
791,Kalapadua,1853269,Indonesia,ID
792,Hongjiang,1680577,China,CN
793,Oliveira,1890044,Brazil,BR
794,Gotputuk,2550192,Indonesia,ID
795,Santa Eulalia,281066,Peru,PE
796,Vertientes,1743425,Cuba,CU
797,Klyuchi,2160770,Russia,RU
798,Yangzhuang,2261623,China,CN
799,Javorník,1336960,Czech Republic,CZ
800,Makedonski Brod,577846,Macedonia,MK
801,El Tabo,131262,Chile,CL
802,Tandou,411718,China,CN
803,Cox’s Bāzār,1429648,Bangladesh,BD
804,Zborovice,643486,Czech Republic,CZ
805,Sidoger Lebak,1264014,Indonesia,ID
806,The Valley,1418441,Anguilla,AI
807,Lestijärvi,151857,Finland,FI
808,Tianhe,1182192,China,CN
809,Loga,525317,Indonesia,ID
810,Tešanj,1948297,Bosnia and Herzegovina,BA
811,Quatá,1605887,Brazil,BR
812,Biito,1947589,Indonesia,ID
813,Dajie,2233580,China,CN
814,Hushi,1072130,China,CN
815,Puerto Rico,544217,Argentina,AR
816,Delmas,273894,South Africa,ZA
817,Pampas,144616,Peru,PE
818,Chilecito,1217903,Argentina,AR
819,Nouna,2169395,Burkina Faso,BF
820,Sierra Imataca,1032589,Venezuela,VE
821,Sydney,2141272,Australia,AU
822,Amargosa,175854,Brazil,BR
823,Los Angeles,766170,United States,US
824,Can-asujan,1174930,Philippines,PH
825,Kota Kinabalu,559351,Malaysia,MY
826,Niutang,2079789,China,CN
827,Popova,873824,Russia,RU
828,The Valley,865047,Anguilla,AI
829,Kuala Lumpur,836059,Malaysia,MY
830,Zhangyang,1267615,China,CN
831,Korba,670729,Tunisia,TN
832,Klokot,2539714,Kosovo,XK
833,Iwierzyce,963836,Poland,PL
834,Bašaid,1575425,Serbia,RS
835,Mlaka pri Kranju,1558271,Slovenia,SI
836,Tīkāpur,976337,Nepal,NP
837,El Bálsamo,123900,Honduras,HN
838,Cana Chapetón,1444020,Dominican Republic,DO
839,Palestina de los Altos,2040541,Guatemala,GT
840,Santa Cruz De Tenerife,920256,Spain,ES
841,Yumendong,1113843,China,CN
842,Tampakan,549087,Philippines,PH
843,Kalde Panga,761088,Indonesia,ID
844,Asan-Maina Village,1807455,Guam,GU
845,Leonídio,952714,Greece,GR
846,Binonga,1076096,Philippines,PH
847,Karakabak,1465568,China,CN
848,Nagasaki-shi,1169660,Japan,JP
849,Repušnica,396858,Croatia,HR
850,Shushary,2191803,Russia,RU
851,Saint-Quentin-Fallavier,2295575,France,FR
852,Talaibon,1761144,Philippines,PH
853,Coquitlam,1194628,Canada,CA
854,Jiepai,1058012,China,CN
855,Jiangfang,814348,China,CN
856,Hamhŭng,587034,North Korea,KP
857,Budapest,2178572,Hungary,HU
858,Xiangying,293152,China,CN
859,Shchelkovo,1531712,Russia,RU
860,Handa,973663,Japan,JP
861,Himaya,2229900,Philippines,PH
862,Philadelphia,343451,United States,US
863,Melenki,1412326,Russia,RU
864,Liulang,2125050,China,CN
865,Janiuay,2239576,Philippines,PH
866,Acopiara,1313888,Brazil,BR
867,Cikembar,2345480,Indonesia,ID
868,Oslo,1803500,Norway,NO
869,Mercaderes,1350770,Colombia,CO
870,Budapest,1283581,Hungary,HU
871,Qŭrghonteppa,2452428,Tajikistan,TJ
872,Västerhaninge,1140688,Sweden,SE
873,Xiaoying,2101096,China,CN
874,Rezh,2239038,Russia,RU
875,Bethanie,1218601,Namibia,NA
876,An Nāşirīyah,1881524,Iraq,IQ
877,Jinshi,759156,China,CN
878,Gerakaroú,120474,Greece,GR
879,Międzyzdroje,2273742,Poland,PL
880,Makabe,670227,Japan,JP
881,Anjepy,1019431,Madagascar,MG
882,Fengshan,172311,China,CN
883,Emnambithi-Ladysmith,2391150,South Africa,ZA
884,Yuhuangding,1416733,China,CN
885,Staryy Dobrotvir,628784,Ukraine,UA
886,Tangshan,1238017,China,CN
887,Mesquite,2473571,United States,US
888,Dingzigu,2468698,China,CN
889,Tupanciretã,234377,Brazil,BR
890,Saint-Marcellin,2128343,France,FR
891,Bojongsari,1641661,Indonesia,ID
892,Pocohuanca,2404309,Peru,PE
893,Erie,1420282,United States,US
894,Saint-Dizier,1026634,France,FR
895,Huakoulongtan,2537725,China,CN
896,Jiuzhen,703853,China,CN
897,Jaboatão,488091,Brazil,BR
898,Orvault,959926,France,FR
899,Pedro Carbo,1173621,Ecuador,EC
900,Bangad,2158873,Philippines,PH
901,Yuyue,1351467,China,CN
902,Tualeu,1365767,Indonesia,ID
903,Águas de Lindóia,2159305,Brazil,BR
904,Nova Prata,423794,Brazil,BR
905,Daveluyville,239509,Canada,CA
906,Santa Helena,1587308,Brazil,BR
907,Bhola,295035,Bangladesh,BD
908,Hanchang,2250609,China,CN
909,Heshan,1763308,China,CN
910,Vratsa,768595,Bulgaria,BG
911,Tutut,2549716,Indonesia,ID
912,Girang,2515945,Indonesia,ID
913,Fuzihe,1627375,China,CN
914,Dankama,1790546,Nigeria,NG
915,Duitama,1228658,Colombia,CO
916,Tamianglayang,2383059,Indonesia,ID
917,Tinampo,893257,Philippines,PH
918,Houston,2066496,United States,US
919,Qaraçuxur,1452619,Azerbaijan,AZ
920,San Luis,1221662,Cuba,CU
921,Novi Vinodolski,1563939,Croatia,HR
922,Komorów,1046145,Poland,PL
923,Haninge,111865,Sweden,SE
924,Paccha,751373,Peru,PE
925,Horad Barysaw,422651,Belarus,BY
926,Três Rios,2011754,Brazil,BR
927,Kemijärvi,1077439,Finland,FI
928,Huyang,926841,China,CN
929,Alqueva,2503623,Portugal,PT
930,Tabuadelo,1758573,Portugal,PT
931,Alvand,344712,Iran,IR
932,Utara,768270,Indonesia,ID
933,Sangiyn Dalay,822383,Mongolia,MN
934,Gucheng,763861,China,CN
935,Ké-Macina,2219811,Mali,ML
936,Matagami,516421,Canada,CA
937,Mucifal,1739221,Portugal,PT
938,Soledad,1495226,Colombia,CO
939,Bigaan,741077,Philippines,PH
940,Balakhta,1694251,Russia,RU
941,Dumbéa,2097026,New Caledonia,NC
942,Randuboto,761483,Indonesia,ID
943,Regidor,476824,Colombia,CO
944,Dadong’ao,2236092,China,CN
945,Nepalgunj,961732,Nepal,NP
946,Zinder,587964,Niger,NE
947,Baixi,277127,China,CN
948,Quillo,1265068,Peru,PE
949,Köln,362497,Germany,DE
950,Wuyang,2535995,China,CN
951,Swan Hills,2518675,Canada,CA
952,Tuanalepe,470907,Indonesia,ID
953,Casma,2308307,Peru,PE
954,Ngrowo,2397540,Indonesia,ID
955,Terentang,2502086,Indonesia,ID
956,Somerset East,275117,South Africa,ZA
957,Sampués,2294890,Colombia,CO
958,Karnice,483532,Poland,PL
959,Sinabang,1309596,Indonesia,ID
960,Częstochowa,1763334,Poland,PL
961,Sunchales,937737,Argentina,AR
962,Tong’an,2039344,China,CN
963,Józefów,1443287,Poland,PL
964,Babantar,1806892,Indonesia,ID
965,Liping,1765221,China,CN
966,Pinellas Park,1971282,United States,US
967,Korolëv Stan,554954,Belarus,BY
968,Chatturat,1964008,Thailand,TH
969,Wunat,1187625,Indonesia,ID
970,Viçosa,1411034,Brazil,BR
971,Woodford Hill,926798,Dominica,DM
972,Shuikou,1686516,China,CN
973,Krzykosy,502563,Poland,PL
974,Железный порт,2042659,Ukraine,UA
975,Tegalrejo,2193019,Indonesia,ID
976,Gembu,2184960,Nigeria,NG
977,Arshaluys,1472168,Armenia,AM
978,Niyang,2344411,China,CN
979,Pankshin,1298050,Nigeria,NG
980,Krajan Timur Suger Kidul,1636782,Indonesia,ID
981,Liuge,2330825,China,CN
982,Vänersborg,2183923,Sweden,SE
983,Pôrto Barra do Ivinheima,2244299,Brazil,BR
984,Paso de Carrasco,2460089,Uruguay,UY
985,Haninge,1768617,Sweden,SE
986,Budy,431956,Ukraine,UA
987,Boshchorbogh,720937,Tajikistan,TJ
988,Chikushino-shi,714091,Japan,JP
989,Surenavan,2269175,Armenia,AM
990,Kawaguchi,1075660,Japan,JP
991,Aquin,2051094,Haiti,HT
992,Oskarshamn,1104244,Sweden,SE
993,Nanchoc,1358029,Peru,PE
994,Heping,1713464,China,CN
995,Ngaoundéré,1982869,Cameroon,CM
996,Bojongaren,487975,Indonesia,ID
997,Fentange,1176570,Luxembourg,LU
998,Semerak,1552151,Indonesia,ID
999,Iecava,2541430,Latvia,LV
1000,Lubu,1011826,China,CN
